{
  "project_info": {
    "project_number": "335957415067",
    "firebase_url": "https://space-quiz-c0816.firebaseio.com",
    "project_id": "space-quiz-c0816",
    "storage_bucket": "space-quiz-c0816.appspot.com"
  },
  "client": [
    {
      "client_info": {
        "mobilesdk_app_id": "1:335957415067:android:06f60acc08359c6ad6623e",
        "android_client_info": {
          "package_name": "tech.hyperone.trackex"
        }
      },
      "oauth_client": [
        {
          "client_id": "335957415067-63jr6f4s9n66bvs0381m18u42h6t49kd.apps.googleusercontent.com",
          "client_type": 3
        }
      ],
      "api_key": [
        {
          "current_key": "AIzaSyDIVWLKM4qlvuHXVVEvJlD4QPGOJ6RHXZQ"
        }
      ],
      "services": {
        "appinvite_service": {
          "other_platform_oauth_client": [
            {
              "client_id": "335957415067-63jr6f4s9n66bvs0381m18u42h6t49kd.apps.googleusercontent.com",
              "client_type": 3
            }
          ]
        }
      }
    }
  ],
  "configuration_version": "1"
}